<manifest alg="2" build="1176" opt="true" iceEnabled="true" iceMarkupVersion="2" ftp_hostname="ftp://ftp.aubefilmfestival.ch" ftp_rootfolder="//" exportTarget="FTP" resolutions="1x,2x" timestamp="1426247156196">
  <folder name="assets">
    <file name="aube_arab.eps" crc="4274945354" mt="1424019938000"/>
    <file name="aube_arab.svgz" crc="3776158405" mt="1424019948000"/>
  </folder>
  <folder name="css">
    <file name="site_global.css" crc="536666843"/>
    <file name="master_sites.css" crc="3916195802" ref="festival:philosophie:index:traeger:programm:tickets"/>
    <file name="festival.css" crc="199999047" ref="festival"/>
    <file name="haftungsbeschluss.css" crc="4294822494" ref="haftungsbeschluss"/>
    <file name="philosophie.css" crc="4234963216" ref="philosophie"/>
    <file name="index.css" crc="114069639" ref="index"/>
    <file name="traeger.css" crc="237223335" ref="traeger"/>
    <file name="programm.css" crc="4100589660" ref="programm"/>
    <file name="tickets.css" crc="393391804" ref="tickets"/>
    <file name="iefonts_programm.css" crc="269497213" ref="programm"/>
    <file name="iefonts_philosophie.css" crc="98905517" ref="philosophie"/>
  </folder>
  <folder name="scripts">
    <file name="jquery-1.8.3.min.js" crc="221936890" ref="index:festival:philosophie:traeger:programm:tickets:haftungsbeschluss"/>
    <file name="museutils.js" crc="3793461109" ref="index:festival:philosophie:traeger:programm:tickets:haftungsbeschluss"/>
    <file name="jquery.scrolleffects.js" crc="172766474" ref="index:festival:philosophie:traeger:programm:tickets"/>
    <file name="webpro.js" crc="4263367560" ref="index:festival:philosophie:traeger:programm:tickets"/>
    <file name="musewpslideshow.js" crc="126372691" ref="index:festival:philosophie:traeger:programm:tickets"/>
    <file name="jquery.museoverlay.js" crc="3946374898" ref="index:festival:philosophie:traeger:programm:tickets"/>
    <file name="touchswipe.js" crc="3796284560" ref="index:festival:philosophie:traeger:programm:tickets"/>
    <file name="jquery.musemenu.js" crc="492415246" ref="index:festival:philosophie:traeger:programm:tickets"/>
    <file name="pie.js" crc="3827607177" ref="index:programm"/>
    <file name="jquery.watch.js" crc="3766403489" ref="index:festival:philosophie:traeger:programm:tickets:haftungsbeschluss"/>
    <file name="html5shiv.js" crc="4241844378" ref="index:festival:philosophie:traeger:programm:tickets:haftungsbeschluss"/>
    <file name="musewpdisclosure.js" crc="513264147" ref="programm:tickets"/>
    <file name="jquery.musepolyfill.bgsize.js" crc="3843766759" ref="programm"/>
  </folder>
  <folder name="images">
    <file name="background_hd_web.jpg" crc="339334144" ref="index:festival:philosophie:traeger:programm:tickets"/>
    <file name="blank.gif" crc="4208392903" ref="index:festival:philosophie:traeger:programm:tickets"/>
    <file name="loading.gif" crc="3815509949" ref="index:programm"/>
    <file name="u2249.png" crc="3875689858" ref="index:festival:philosophie:traeger:programm:tickets"/>
    <file name="u2249-r.png" crc="4261384201" ref="index:festival:philosophie:traeger:programm:tickets"/>
    <file name="u2249_2x.png" crc="447949376" ref="index:festival:philosophie:traeger:programm:tickets"/>
    <file name="u2249-r_2x.png" crc="290146866" ref="index:festival:philosophie:traeger:programm:tickets"/>
    <file name="u2259.png" crc="4192070638" ref="index:festival:philosophie:traeger:programm:tickets"/>
    <file name="u2259-r.png" crc="452423172" ref="index:festival:philosophie:traeger:programm:tickets"/>
    <file name="u2259_2x.png" crc="3911177342" ref="index:festival:philosophie:traeger:programm:tickets"/>
    <file name="u2259-r_2x.png" crc="32519648" ref="index:festival:philosophie:traeger:programm:tickets"/>
    <file name="u2273.png" crc="8655570" ref="index:festival:philosophie:traeger:programm:tickets"/>
    <file name="u2273-r.png" crc="4266164579" ref="index:festival:philosophie:traeger:programm:tickets"/>
    <file name="u2273_2x.png" crc="4211641860" ref="index:festival:philosophie:traeger:programm:tickets"/>
    <file name="u2273-r_2x.png" crc="331673454" ref="index:festival:philosophie:traeger:programm:tickets"/>
    <file name="u2268.png" crc="4141064530" ref="index:festival:philosophie:traeger:programm:tickets"/>
    <file name="u2268-r.png" crc="4075166013" ref="index:festival:philosophie:traeger:programm:tickets"/>
    <file name="u2268-a.png" crc="4141064530" ref="index:festival:philosophie:traeger:programm:tickets"/>
    <file name="u2268_2x.png" crc="509219207" ref="index:festival:philosophie:traeger:programm:tickets"/>
    <file name="u2268-r_2x.png" crc="4188185793" ref="index:festival:philosophie:traeger:programm:tickets"/>
    <file name="u2268-a_2x.png" crc="509219207" ref="index:festival:philosophie:traeger:programm:tickets"/>
    <file name="u2277.png" crc="3830171037" ref="index:festival:philosophie:traeger:programm:tickets"/>
    <file name="u2277-r.png" crc="4063670227" ref="index:festival:philosophie:traeger:programm:tickets"/>
    <file name="u2277_2x.png" crc="4027631597" ref="index:festival:philosophie:traeger:programm:tickets"/>
    <file name="u2277-r_2x.png" crc="3907187580" ref="index:festival:philosophie:traeger:programm:tickets"/>
    <file name="u2291.png" crc="3804836870" ref="index:festival:philosophie:traeger:programm:tickets"/>
    <file name="u2291-r.png" crc="4181886212" ref="index:festival:philosophie:traeger:programm:tickets"/>
    <file name="u2291_2x.png" crc="427124184" ref="index:festival:philosophie:traeger:programm:tickets"/>
    <file name="u2291-r_2x.png" crc="331099052" ref="index:festival:philosophie:traeger:programm:tickets"/>
    <file name="u2300.png" crc="156692634" ref="index:festival:philosophie:traeger:programm:tickets"/>
    <file name="u2300-r.png" crc="4211803885" ref="index:festival:philosophie:traeger:programm:tickets"/>
    <file name="u2300_2x.png" crc="3965633382" ref="index:festival:philosophie:traeger:programm:tickets"/>
    <file name="u2300-r_2x.png" crc="3959732553" ref="index:festival:philosophie:traeger:programm:tickets"/>
    <file name="u2286.png" crc="100724114" ref="index:festival:philosophie:traeger:programm:tickets"/>
    <file name="u2286-r.png" crc="4057731850" ref="index:festival:philosophie:traeger:programm:tickets"/>
    <file name="u2286_2x.png" crc="4217536722" ref="index:festival:philosophie:traeger:programm:tickets"/>
    <file name="u2286-r_2x.png" crc="3920875471" ref="index:festival:philosophie:traeger:programm:tickets"/>
    <file name="u2334.png" crc="235144117" ref="index:festival:philosophie:traeger:programm:tickets"/>
    <file name="u2334-r.png" crc="4249385932" ref="index:festival:philosophie:traeger:programm:tickets"/>
    <file name="u2334_2x.png" crc="432875515" ref="index:festival:philosophie:traeger:programm:tickets"/>
    <file name="u2334-r_2x.png" crc="3961718619" ref="index:festival:philosophie:traeger:programm:tickets"/>
    <file name="u2351.png" crc="4194813965" ref="index:festival:philosophie:traeger:programm:tickets"/>
    <file name="u2351-r.png" crc="534684234" ref="index:festival:philosophie:traeger:programm:tickets"/>
    <file name="u2351_2x.png" crc="492368593" ref="index:festival:philosophie:traeger:programm:tickets"/>
    <file name="u2351-r_2x.png" crc="450940555" ref="index:festival:philosophie:traeger:programm:tickets"/>
    <file name="u2355.png" crc="3954072097" ref="index:festival:philosophie:traeger:programm:tickets"/>
    <file name="u2355-r.png" crc="276928643" ref="index:festival:philosophie:traeger:programm:tickets"/>
    <file name="u2355_2x.png" crc="64408197" ref="index:festival:philosophie:traeger:programm:tickets"/>
    <file name="u2355-r_2x.png" crc="219840791" ref="index:festival:philosophie:traeger:programm:tickets"/>
    <file name="u2344.png" crc="451251985" ref="index:festival:philosophie:traeger:programm:tickets"/>
    <file name="u2344-r.png" crc="3863884540" ref="index:festival:philosophie:traeger:programm:tickets"/>
    <file name="u2344_2x.png" crc="4219312352" ref="index:festival:philosophie:traeger:programm:tickets"/>
    <file name="u2344-r_2x.png" crc="244210978" ref="index:festival:philosophie:traeger:programm:tickets"/>
    <file name="u2330.png" crc="3911233868" ref="index:festival:philosophie:traeger:programm:tickets"/>
    <file name="u2330-r.png" crc="57222007" ref="index:festival:philosophie:traeger:programm:tickets"/>
    <file name="u2330_2x.png" crc="461430348" ref="index:festival:philosophie:traeger:programm:tickets"/>
    <file name="u2330-r_2x.png" crc="153363625" ref="index:festival:philosophie:traeger:programm:tickets"/>
    <file name="u2318.png" crc="490897736" ref="index:festival:philosophie:traeger:programm:tickets"/>
    <file name="u2318-r.png" crc="524637343" ref="index:festival:philosophie:traeger:programm:tickets"/>
    <file name="u2318_2x.png" crc="3894207107" ref="index:festival:philosophie:traeger:programm:tickets"/>
    <file name="u2318-r_2x.png" crc="344757659" ref="index:festival:philosophie:traeger:programm:tickets"/>
    <file name="u2310.png" crc="216150580" ref="index:festival:philosophie:traeger:programm:tickets"/>
    <file name="u2310-r.png" crc="207141392" ref="index:festival:philosophie:traeger:programm:tickets"/>
    <file name="u2310_2x.png" crc="4029722164" ref="index:festival:philosophie:traeger:programm:tickets"/>
    <file name="u2310-r_2x.png" crc="339238666" ref="index:festival:philosophie:traeger:programm:tickets"/>
    <file name="u2323.png" crc="3924146567" ref="index:festival:philosophie:traeger:programm:tickets"/>
    <file name="u2323-r.png" crc="209828116" ref="index:festival:philosophie:traeger:programm:tickets"/>
    <file name="u2323_2x.png" crc="4004520702" ref="index:festival:philosophie:traeger:programm:tickets"/>
    <file name="u2323-r_2x.png" crc="401246492" ref="index:festival:philosophie:traeger:programm:tickets"/>
    <file name="u405.png" crc="3875689858" ref="index:festival:philosophie:traeger:programm:tickets"/>
    <file name="u405-r.png" crc="284742831" ref="index:festival:philosophie:traeger:programm:tickets"/>
    <file name="u405-a.png" crc="284742831" ref="index:festival:philosophie:traeger:programm:tickets"/>
    <file name="u405_2x.png" crc="447949376" ref="index:festival:philosophie:traeger:programm:tickets"/>
    <file name="u405-r_2x.png" crc="4142253488" ref="index:festival:philosophie:traeger:programm:tickets"/>
    <file name="u405-a_2x.png" crc="4142253488" ref="index:festival:philosophie:traeger:programm:tickets"/>
    <file name="u437.png" crc="469397036" ref="index:festival:philosophie:traeger:programm:tickets"/>
    <file name="u437-r.png" crc="4192070638" ref="index:festival:philosophie:traeger:programm:tickets"/>
    <file name="u437_2x.png" crc="4192760506" ref="index:festival:philosophie:traeger:programm:tickets"/>
    <file name="u437-r_2x.png" crc="3911177342" ref="index:festival:philosophie:traeger:programm:tickets"/>
    <file name="u410.png" crc="8655570" ref="index:festival:philosophie:traeger:programm:tickets"/>
    <file name="u410-r.png" crc="4211622896" ref="index:festival:philosophie:traeger:programm:tickets"/>
    <file name="u410-a.png" crc="4211622896" ref="index:festival:philosophie:traeger:programm:tickets"/>
    <file name="u410_2x.png" crc="4211641860" ref="index:festival:philosophie:traeger:programm:tickets"/>
    <file name="u410-r_2x.png" crc="499625525" ref="index:festival:philosophie:traeger:programm:tickets"/>
    <file name="u410-a_2x.png" crc="499625525" ref="index:festival:philosophie:traeger:programm:tickets"/>
    <file name="u449.png" crc="3844729754" ref="index:festival:philosophie:traeger:programm:tickets"/>
    <file name="u449-r.png" crc="3898614276" ref="index:festival:philosophie:traeger:programm:tickets"/>
    <file name="u449-a.png" crc="3844729754" ref="index:festival:philosophie:traeger:programm:tickets"/>
    <file name="u449_2x.png" crc="40541645" ref="index:festival:philosophie:traeger:programm:tickets"/>
    <file name="u449-r_2x.png" crc="3929360159" ref="index:festival:philosophie:traeger:programm:tickets"/>
    <file name="u449-a_2x.png" crc="40541645" ref="index:festival:philosophie:traeger:programm:tickets"/>
    <file name="u418.png" crc="3830171037" ref="index:festival:philosophie:traeger:programm:tickets"/>
    <file name="u418-r.png" crc="3986221024" ref="index:festival:philosophie:traeger:programm:tickets"/>
    <file name="u418-a.png" crc="3986221024" ref="index:festival:philosophie:traeger:programm:tickets"/>
    <file name="u418_2x.png" crc="4027631597" ref="index:festival:philosophie:traeger:programm:tickets"/>
    <file name="u418-r_2x.png" crc="519957034" ref="index:festival:philosophie:traeger:programm:tickets"/>
    <file name="u418-a_2x.png" crc="519957034" ref="index:festival:philosophie:traeger:programm:tickets"/>
    <file name="u459.png" crc="4033901447" ref="index:festival:philosophie:traeger:programm:tickets"/>
    <file name="u459-r.png" crc="467903799" ref="index:festival:philosophie:traeger:programm:tickets"/>
    <file name="u459_2x.png" crc="4144267103" ref="index:festival:philosophie:traeger:programm:tickets"/>
    <file name="u459-r_2x.png" crc="25927750" ref="index:festival:philosophie:traeger:programm:tickets"/>
    <file name="u468.png" crc="352043418" ref="index:festival:philosophie:traeger:programm:tickets"/>
    <file name="u468-r.png" crc="143184784" ref="index:festival:philosophie:traeger:programm:tickets"/>
    <file name="u468_2x.png" crc="3887624779" ref="index:festival:philosophie:traeger:programm:tickets"/>
    <file name="u468-r_2x.png" crc="74747009" ref="index:festival:philosophie:traeger:programm:tickets"/>
    <file name="u475.png" crc="62262138" ref="index:festival:philosophie:traeger:programm:tickets"/>
    <file name="u475-r.png" crc="4203492902" ref="index:festival:philosophie:traeger:programm:tickets"/>
    <file name="u475_2x.png" crc="307662755" ref="index:festival:philosophie:traeger:programm:tickets"/>
    <file name="u475-r_2x.png" crc="292116587" ref="index:festival:philosophie:traeger:programm:tickets"/>
    <file name="u422.png" crc="235144117" ref="index:festival:philosophie:traeger:programm:tickets"/>
    <file name="u422-r.png" crc="3911959674" ref="index:festival:philosophie:traeger:programm:tickets"/>
    <file name="u422-a.png" crc="3911959674" ref="index:festival:philosophie:traeger:programm:tickets"/>
    <file name="u422_2x.png" crc="432875515" ref="index:festival:philosophie:traeger:programm:tickets"/>
    <file name="u422-r_2x.png" crc="20477233" ref="index:festival:philosophie:traeger:programm:tickets"/>
    <file name="u422-a_2x.png" crc="20477233" ref="index:festival:philosophie:traeger:programm:tickets"/>
    <file name="u892.png" crc="4163840544" ref="index:festival:philosophie:traeger:programm:tickets"/>
    <file name="u892-r.png" crc="3917216953" ref="index:festival:philosophie:traeger:programm:tickets"/>
    <file name="u892_2x.png" crc="393578754" ref="index:festival:philosophie:traeger:programm:tickets"/>
    <file name="u892-r_2x.png" crc="491257058" ref="index:festival:philosophie:traeger:programm:tickets"/>
    <file name="u865.png" crc="4057608318" ref="index:festival:philosophie:traeger:programm:tickets"/>
    <file name="u865-r.png" crc="4140179189" ref="index:festival:philosophie:traeger:programm:tickets"/>
    <file name="u865_2x.png" crc="169445179" ref="index:festival:philosophie:traeger:programm:tickets"/>
    <file name="u865-r_2x.png" crc="3799661955" ref="index:festival:philosophie:traeger:programm:tickets"/>
    <file name="u837.png" crc="3851360674" ref="index:festival:philosophie:traeger:programm:tickets"/>
    <file name="u837-r.png" crc="187279911" ref="index:festival:philosophie:traeger:programm:tickets"/>
    <file name="u837_2x.png" crc="196217260" ref="index:festival:philosophie:traeger:programm:tickets"/>
    <file name="u837-r_2x.png" crc="3840093276" ref="index:festival:philosophie:traeger:programm:tickets"/>
    <file name="u431.png" crc="3911233868" ref="index:festival:philosophie:traeger:programm:tickets"/>
    <file name="u431-r.png" crc="274017599" ref="index:festival:philosophie:traeger:programm:tickets"/>
    <file name="u431-a.png" crc="274017599" ref="index:festival:philosophie:traeger:programm:tickets"/>
    <file name="u431_2x.png" crc="461430348" ref="index:festival:philosophie:traeger:programm:tickets"/>
    <file name="u431-r_2x.png" crc="4278254908" ref="index:festival:philosophie:traeger:programm:tickets"/>
    <file name="u431-a_2x.png" crc="4278254908" ref="index:festival:philosophie:traeger:programm:tickets"/>
    <file name="u921.png" crc="4023416895" ref="index:festival:philosophie:traeger:programm:tickets"/>
    <file name="u921-r.png" crc="373450343" ref="index:festival:philosophie:traeger:programm:tickets"/>
    <file name="u921_2x.png" crc="416322085" ref="index:festival:philosophie:traeger:programm:tickets"/>
    <file name="u921-r_2x.png" crc="481429589" ref="index:festival:philosophie:traeger:programm:tickets"/>
    <file name="u950.png" crc="314260382" ref="index:festival:philosophie:traeger:programm:tickets"/>
    <file name="u950-r.png" crc="3840416186" ref="index:festival:philosophie:traeger:programm:tickets"/>
    <file name="u950_2x.png" crc="3773167953" ref="index:festival:philosophie:traeger:programm:tickets"/>
    <file name="u950-r_2x.png" crc="378193032" ref="index:festival:philosophie:traeger:programm:tickets"/>
    <file name="u978.png" crc="457716488" ref="index:festival:philosophie:traeger:programm:tickets"/>
    <file name="u978-r.png" crc="210754549" ref="index:festival:philosophie:traeger:programm:tickets"/>
    <file name="u978_2x.png" crc="282731460" ref="index:festival:philosophie:traeger:programm:tickets"/>
    <file name="u978-r_2x.png" crc="3915361344" ref="index:festival:philosophie:traeger:programm:tickets"/>
    <file name="u2060-4.png" crc="182034089" ref="index"/>
    <file name="u2060-4_2x.png" crc="5379515" ref="index"/>
    <file name="u1755-4.png" crc="157803895" ref="festival"/>
    <file name="u1755-4_2x.png" crc="317516910" ref="festival"/>
    <file name="u1756-4.png" crc="409459735" ref="festival"/>
    <file name="u1756-4_2x.png" crc="4285734432" ref="festival"/>
    <file name="u1567-4.png" crc="324945581" ref="festival"/>
    <file name="u1567-4_2x.png" crc="423530754" ref="festival"/>
    <file name="u1568-4.png" crc="457392359" ref="festival"/>
    <file name="u1568-4_2x.png" crc="4279321776" ref="festival"/>
    <file name="u2240-4.png" crc="3940425542" ref="philosophie"/>
    <file name="u2240-4_2x.png" crc="3842086123" ref="philosophie"/>
    <file name="u2241.png" crc="4177280737" ref="philosophie"/>
    <file name="u2241-r.png" crc="4177280737" ref="philosophie"/>
    <file name="u2241_2x.png" crc="3999890135" ref="philosophie"/>
    <file name="u2241-r_2x.png" crc="3999890135" ref="philosophie"/>
    <file name="u2221-4.png" crc="4129677291" ref="traeger"/>
    <file name="u2221-4_2x.png" crc="4137103078" ref="traeger"/>
    <file name="u2222-4.png" crc="394744151" ref="traeger"/>
    <file name="u2222-4_2x.png" crc="3969929375" ref="traeger"/>
    <file name="u2227-4.png" crc="303140300" ref="traeger"/>
    <file name="u2227-4_2x.png" crc="4238790538" ref="traeger"/>
    <file name="u2228-4.png" crc="4256410610" ref="traeger"/>
    <file name="u2228-4_2x.png" crc="203062269" ref="traeger"/>
    <file name="u397-4.png" crc="4094566933" ref="programm"/>
    <file name="u397-4_2x.png" crc="453289609" ref="programm"/>
    <file name="background_hd-short_web.jpg" crc="497730643" ref="programm"/>
    <file name="u999-4.png" crc="3856046338" ref="programm"/>
    <file name="u999-4_2x.png" crc="194567926" ref="programm"/>
    <file name="u1000.png" crc="483931010" ref="programm"/>
    <file name="u1000-r.png" crc="483931010" ref="programm"/>
    <file name="u1000_2x.png" crc="4221967446" ref="programm"/>
    <file name="u1000-r_2x.png" crc="4221967446" ref="programm"/>
    <file name="u1001-4.png" crc="3781458668" ref="programm"/>
    <file name="u1001-4_2x.png" crc="3773604679" ref="programm"/>
    <file name="u1002.png" crc="491045122" ref="programm"/>
    <file name="u1002-r.png" crc="491045122" ref="programm"/>
    <file name="u1002_2x.png" crc="283486125" ref="programm"/>
    <file name="u1002-r_2x.png" crc="283486125" ref="programm"/>
    <file name="u1003-4.png" crc="3997566778" ref="programm"/>
    <file name="u1003-4_2x.png" crc="391667428" ref="programm"/>
    <file name="u1004.png" crc="345130185" ref="programm"/>
    <file name="u1004-r.png" crc="345130185" ref="programm"/>
    <file name="u1004_2x.png" crc="365162338" ref="programm"/>
    <file name="u1004-r_2x.png" crc="365162338" ref="programm"/>
    <file name="u2048-4.png" crc="4042364670" ref="tickets"/>
    <file name="u2048-4_2x.png" crc="268972766" ref="tickets"/>
    <file name="u2049-4.png" crc="41339550" ref="tickets"/>
    <file name="u2049-4_2x.png" crc="4125995880" ref="tickets"/>
    <file name="u2520-4.png" crc="4119091620" ref="haftungsbeschluss"/>
    <file name="u2520-4_2x.png" crc="3804501024" ref="haftungsbeschluss"/>
    <file name="u2521-4.png" crc="138734588" ref="haftungsbeschluss"/>
    <file name="u2521-4_2x.png" crc="453610428" ref="haftungsbeschluss"/>
    <file name="u2061-5.png" crc="4061599810" ref="index"/>
    <file name="u2061-5_2x.png" crc="3957421932" ref="index"/>
    <file name="anna_2-anna-rossinelly-by-tom-haller.jpg" crc="40349679" ref="programm"/>
    <file name="anna_2-anna-rossinelly-by-tom-haller_2x.jpg" crc="4216978824" ref="programm"/>
    <file name="bg2_fb.jpg" crc="4052738466" ref="programm"/>
    <file name="u3220-4.png" crc="3947890961" ref="index"/>
    <file name="u3220-4_2x.png" crc="328425488" ref="index"/>
    <file name="u3221-4.png" crc="4177234649" ref="index"/>
    <file name="u3221-4_2x.png" crc="260435190" ref="index"/>
    <file name="u2768-4.png" crc="394791036" ref="traeger"/>
    <file name="u2768-4_2x.png" crc="231758232" ref="traeger"/>
    <file name="u2769-4.png" crc="3784387419" ref="traeger"/>
    <file name="u2769-4_2x.png" crc="427033364" ref="traeger"/>
    <file name="biel_logo.jpg" crc="4020936384" ref="traeger"/>
    <file name="biel_logo_2x.jpg" crc="30845292" ref="traeger"/>
    <file name="swissfondsbern.jpg" crc="4039862528" ref="traeger"/>
    <file name="swissfondsbern_2x.jpg" crc="4114629329" ref="traeger"/>
    <file name="artlink.jpg" crc="4189606760" ref="traeger"/>
    <file name="artlink_2x.jpg" crc="3834716548" ref="traeger"/>
    <file name="zasblogo.jpg" crc="409463105" ref="traeger"/>
    <file name="zasblogo_2x.jpg" crc="125762537" ref="traeger"/>
    <file name="swissfondsbs2f0.jpg" crc="481739437" ref="traeger"/>
    <file name="swissfondsbs2f0_2x.jpg" crc="86918927" ref="traeger"/>
    <file name="merian_logo.jpg" crc="468985151" ref="traeger"/>
    <file name="merian_logo_2x.jpg" crc="3783468558" ref="traeger"/>
    <file name="infiltrators-crop-u2718.jpg" crc="3998258141" ref="programm"/>
    <file name="fidai_003_still1-crop-u2720.jpg" crc="4284251381" ref="programm"/>
    <file name="fidai_003_still1-crop-u2720_2x.jpg" crc="347256432" ref="programm"/>
    <file name="return to homs-crop-u2726.jpg" crc="531437095" ref="programm"/>
    <file name="waves-crop-u2722.jpg" crc="130159110" ref="programm"/>
    <file name="controlling_punishment_1-crop-u2724.jpg" crc="143650671" ref="programm"/>
    <file name="background2.jpg" crc="238408286" ref="programm"/>
    <file name="background2_2x.jpg" crc="335542733" ref="programm"/>
    <file name="background22.jpg" crc="335542733" ref="programm"/>
    <file name="u1889.png" crc="3906739408" ref="programm"/>
    <file name="u1889-r.png" crc="401146565" ref="programm"/>
    <file name="u1889-a.png" crc="155582850" ref="programm"/>
    <file name="u1889_2x.png" crc="439863098" ref="programm"/>
    <file name="u1889-r_2x.png" crc="3945987024" ref="programm"/>
    <file name="u1889-a_2x.png" crc="3787831775" ref="programm"/>
    <file name="u3225-4.png" crc="71466831" ref="programm"/>
    <file name="u3225-4_2x.png" crc="4010551427" ref="programm"/>
    <file name="u2042.png" crc="4197376920" ref="programm"/>
    <file name="u2042-r.png" crc="4169333752" ref="programm"/>
    <file name="u2042-a.png" crc="4197376920" ref="programm"/>
    <file name="u2042_2x.png" crc="223720997" ref="programm"/>
    <file name="u2042-r_2x.png" crc="4233121754" ref="programm"/>
    <file name="u2042-a_2x.png" crc="223720997" ref="programm"/>
    <file name="u2018.png" crc="4084051660" ref="programm"/>
    <file name="u2018-r.png" crc="188936240" ref="programm"/>
    <file name="u2018-a.png" crc="4084051660" ref="programm"/>
    <file name="u2018_2x.png" crc="42201245" ref="programm"/>
    <file name="u2018-r_2x.png" crc="3891415185" ref="programm"/>
    <file name="u2018-a_2x.png" crc="42201245" ref="programm"/>
    <file name="u2028.png" crc="3782053302" ref="programm"/>
    <file name="u2028-r.png" crc="3889903331" ref="programm"/>
    <file name="u2028-a.png" crc="3782053302" ref="programm"/>
    <file name="u2028_2x.png" crc="323297573" ref="programm"/>
    <file name="u2028-r_2x.png" crc="4115114445" ref="programm"/>
    <file name="u2028-a_2x.png" crc="323297573" ref="programm"/>
    <file name="said.gif" crc="3933114979" ref="programm"/>
    <file name="said_2x.gif" crc="3933114979" ref="programm"/>
    <file name="u1995.png" crc="4245623611" ref="programm"/>
    <file name="u1995-r.png" crc="4245623611" ref="programm"/>
    <file name="u1995_2x.png" crc="309707644" ref="programm"/>
    <file name="u1995-r_2x.png" crc="309707644" ref="programm"/>
    <file name="mohamed-said-ouma.jpg" crc="35958480" ref="programm"/>
    <file name="mohamed-said-ouma_2x.jpg" crc="4282123824" ref="programm"/>
    <file name="u2007-20.png" crc="230562378" ref="programm"/>
    <file name="u2007-20_2x.png" crc="4080807617" ref="programm"/>
    <file name="biel.jpg" crc="4093066672" ref="programm"/>
    <file name="u2686-9.png" crc="4118955784" ref="programm"/>
    <file name="u2686-9_2x.png" crc="361953288" ref="programm"/>
    <file name="u2900-4.png" crc="3964401961" ref="tickets"/>
    <file name="u2900-4_2x.png" crc="405344464" ref="tickets"/>
    <file name="u2901-4.png" crc="222462621" ref="tickets"/>
    <file name="u2901-4_2x.png" crc="121817359" ref="tickets"/>
    <file name="u2903-4.png" crc="20084276" ref="tickets"/>
    <file name="u2903-4_2x.png" crc="4006376365" ref="tickets"/>
    <file name="u2904-4.png" crc="460500494" ref="tickets"/>
    <file name="u2904-4_2x.png" crc="4227920558" ref="tickets"/>
    <file name="cinevital.png" crc="261247291" ref="tickets"/>
    <file name="kultkino2.png" crc="4261760663" ref="tickets"/>
    <file name="kultkino2_2x.png" crc="3858613001" ref="tickets"/>
    <file name="aube_arab.png" crc="341745326" ref="index"/>
    <file name="aube_arab_2x.png" crc="49870280" ref="index"/>
    <file name="u2057-35.png" crc="416297732" ref="index"/>
    <file name="u2057-35_2x.png" crc="4256887034" ref="index"/>
    <file name="u3217-30.png" crc="470485946" ref="index"/>
    <file name="u3217-30_2x.png" crc="4096709060" ref="index"/>
    <file name="u1000-m.png" crc="483931010" ref="programm"/>
    <file name="u1000-m_2x.png" crc="4221967446" ref="programm"/>
    <file name="u1002-m.png" crc="491045122" ref="programm"/>
    <file name="u1002-m_2x.png" crc="283486125" ref="programm"/>
    <file name="u1004-m.png" crc="345130185" ref="programm"/>
    <file name="u1004-m_2x.png" crc="365162338" ref="programm"/>
    <file name="u1995-m.png" crc="4245623611" ref="programm"/>
    <file name="u1995-m_2x.png" crc="309707644" ref="programm"/>
    <file name="silvered-water-syria-title.jpg" crc="413686485" ref="programm"/>
    <file name="u3969-4.png" crc="319280831" ref="programm"/>
    <file name="u3969-4_2x.png" crc="3863747483" ref="programm"/>
    <file name="u3970.png" crc="4095189803" ref="programm"/>
    <file name="u3970-r.png" crc="4095189803" ref="programm"/>
    <file name="u3970-m.png" crc="4095189803" ref="programm"/>
    <file name="u3970_2x.png" crc="4223811415" ref="programm"/>
    <file name="u3970-r_2x.png" crc="4223811415" ref="programm"/>
    <file name="u3970-m_2x.png" crc="4223811415" ref="programm"/>
    <file name="bg2_balken_blur_vl.jpg" crc="453187622" ref="programm"/>
    <file name="bg2_balken_blur_vl_2x.jpg" crc="4122280944" ref="programm"/>
    <file name="sheheraz_912_01_big171x129.jpg" crc="231464890" ref="programm"/>
    <file name="sheheraz_912_01_big171x129_2x.jpg" crc="4076113091" ref="programm"/>
    <file name="danse_du_vent.jpg" crc="492054698" ref="programm"/>
    <file name="danse_du_vent_2x.jpg" crc="4037095128" ref="programm"/>
    <file name="fidai_003_still1.jpg" crc="4174356823" ref="programm"/>
    <file name="fidai_003_still1_2x.jpg" crc="389771766" ref="programm"/>
    <file name="waves.jpg" crc="515970150" ref="programm"/>
    <file name="waves_2x.jpg" crc="270614545" ref="programm"/>
    <file name="infiltrators168x126.jpg" crc="4114669993" ref="programm"/>
    <file name="infiltrators168x126_2x.jpg" crc="4003509930" ref="programm"/>
    <file name="nachrevolution.jpg" crc="3844304636" ref="programm"/>
    <file name="nachrevolution_2x.jpg" crc="3763586617" ref="programm"/>
    <file name="when_i_saw_you.jpg" crc="272525891" ref="programm"/>
    <file name="when_i_saw_you_2x.jpg" crc="252828434" ref="programm"/>
    <file name="sheheraz_912_01_big.jpg" crc="271928873" ref="programm"/>
    <file name="sheheraz_912_01_big_2x.jpg" crc="187915485" ref="programm"/>
    <file name="return to homs.jpg" crc="304629152" ref="programm"/>
    <file name="return to homs_2x.jpg" crc="94286123" ref="programm"/>
    <file name="waves169x126.jpg" crc="250036947" ref="programm"/>
    <file name="waves169x126_2x.jpg" crc="122461919" ref="programm"/>
    <file name="oranais_ph1_bis-2.jpg" crc="3789923625" ref="programm"/>
    <file name="oranais_ph1_bis-2_2x.jpg" crc="3769553870" ref="programm"/>
    <file name="danse_du_vent166x125.jpg" crc="4247994362" ref="programm"/>
    <file name="danse_du_vent166x125_2x.jpg" crc="79567811" ref="programm"/>
    <file name="yema_baby.jpg" crc="172179857" ref="programm"/>
    <file name="yema_baby_2x.jpg" crc="3830773219" ref="programm"/>
    <file name="infiltrators.jpg" crc="4245271149" ref="programm"/>
    <file name="infiltrators_2x.jpg" crc="4003509930" ref="programm"/>
    <file name="fidai_003_still1167x126.jpg" crc="179241930" ref="programm"/>
    <file name="fidai_003_still1167x126_2x.jpg" crc="3870027602" ref="programm"/>
    <file name="omar005.jpg" crc="341203540" ref="programm"/>
    <file name="omar005_2x.jpg" crc="264415562" ref="programm"/>
    <file name="le repenti.jpg" crc="4051054226" ref="programm"/>
    <file name="le repenti_2x.jpg" crc="4279166149" ref="programm"/>
    <file name="silvered-water-syria-self-portrait-e1417681996149.jpg" crc="266243266" ref="programm"/>
    <file name="silvered-water-syria-self-portrait-e1417681996149_2x.jpg" crc="4217806335" ref="programm"/>
    <file name="img_3133.jpg" crc="3782508841" ref="programm"/>
    <file name="img_3133_2x.jpg" crc="181321502" ref="programm"/>
    <file name="u396-6.png" crc="3925433337" ref="programm"/>
    <file name="u396-6_2x.png" crc="76094829" ref="programm"/>
  </folder>
  <file name="index.html" crc="4267311519" mt="1425317816560" redirect="true"/>
  <file name="festival.html" crc="3918240512" mt="1425317816560" redirect="true"/>
  <file name="philosophie.html" crc="528304552" mt="1425317816560" redirect="true"/>
  <file name="traeger.html" crc="4244879787" mt="1425317816560" redirect="true"/>
  <file name="programm.html" crc="4061143977" mt="1426245499187" redirect="true"/>
  <file name="tickets.html" crc="204213219" mt="1426244886800" redirect="true"/>
  <file name="haftungsbeschluss.html" crc="22022541" mt="1423929238923" redirect="true"/>
</manifest>