<manifest alg="2" build="1176" opt="true" iceEnabled="true" iceMarkupVersion="2" ftp_hostname="ftp://ftp.aubefilmfestival.ch" ftp_rootfolder="//FR" exportTarget="FTP" resolutions="1x,2x" timestamp="1425318146118">
  <folder name="css">
    <file name="site_global.css" crc="4122617600"/>
    <file name="master_sites.css" crc="3882882568" ref="festival:philosophie:index:traeger:programme:billets"/>
    <file name="festival.css" crc="4253236899" ref="festival"/>
    <file name="haftungsbeschluss.css" crc="4294822494" ref="haftungsbeschluss"/>
    <file name="philosophie.css" crc="4020558303" ref="philosophie"/>
    <file name="index.css" crc="375406397" ref="index"/>
    <file name="traeger.css" crc="4139855429" ref="traeger"/>
    <file name="programme.css" crc="445966734" ref="programme"/>
    <file name="billets.css" crc="3844381608" ref="billets"/>
    <file name="iefonts_programme.css" crc="458342715" ref="programme"/>
    <file name="iefonts_billets.css" crc="3810469761" ref="billets"/>
    <file name="iefonts_philosophie.css" crc="4017896535" ref="philosophie"/>
  </folder>
  <folder name="scripts">
    <file name="jquery-1.8.3.min.js" crc="221936890" ref="index:festival:philosophie:traeger:programme:billets:haftungsbeschluss"/>
    <file name="museutils.js" crc="3793461109" ref="index:festival:philosophie:traeger:programme:billets:haftungsbeschluss"/>
    <file name="jquery.scrolleffects.js" crc="172766474" ref="index:festival:philosophie:traeger:programme:billets"/>
    <file name="webpro.js" crc="4263367560" ref="index:festival:philosophie:traeger:programme:billets"/>
    <file name="musewpslideshow.js" crc="126372691" ref="index:festival:philosophie:traeger:programme:billets"/>
    <file name="jquery.museoverlay.js" crc="3946374898" ref="index:festival:philosophie:traeger:programme:billets"/>
    <file name="touchswipe.js" crc="3796284560" ref="index:festival:philosophie:traeger:programme:billets"/>
    <file name="jquery.musemenu.js" crc="492415246" ref="index:festival:philosophie:traeger:programme:billets"/>
    <file name="pie.js" crc="3827607177" ref="index:programme"/>
    <file name="jquery.watch.js" crc="3766403489" ref="index:festival:philosophie:traeger:programme:billets:haftungsbeschluss"/>
    <file name="html5shiv.js" crc="4241844378" ref="index:festival:philosophie:traeger:programme:billets:haftungsbeschluss"/>
    <file name="musewpdisclosure.js" crc="513264147" ref="programme:billets"/>
    <file name="jquery.musepolyfill.bgsize.js" crc="3843766759" ref="programme"/>
  </folder>
  <folder name="images">
    <file name="background_hd_web.jpg" crc="339334144" ref="index:festival:philosophie:traeger:programme:billets"/>
    <file name="blank.gif" crc="4208392903" ref="index:festival:philosophie:traeger:programme:billets"/>
    <file name="loading.gif" crc="3815509949" ref="index:programme"/>
    <file name="u2249.png" crc="3875689858" ref="index:festival:philosophie:traeger:programme:billets"/>
    <file name="u2249-r.png" crc="4261384201" ref="index:festival:philosophie:traeger:programme:billets"/>
    <file name="u2249_2x.png" crc="447949376" ref="index:festival:philosophie:traeger:programme:billets"/>
    <file name="u2249-r_2x.png" crc="290146866" ref="index:festival:philosophie:traeger:programme:billets"/>
    <file name="u2259.png" crc="4192070638" ref="index:festival:philosophie:traeger:programme:billets"/>
    <file name="u2259-r.png" crc="452423172" ref="index:festival:philosophie:traeger:programme:billets"/>
    <file name="u2259_2x.png" crc="3911177342" ref="index:festival:philosophie:traeger:programme:billets"/>
    <file name="u2259-r_2x.png" crc="32519648" ref="index:festival:philosophie:traeger:programme:billets"/>
    <file name="u2273.png" crc="8655570" ref="index:festival:philosophie:traeger:programme:billets"/>
    <file name="u2273-r.png" crc="4266164579" ref="index:festival:philosophie:traeger:programme:billets"/>
    <file name="u2273_2x.png" crc="4211641860" ref="index:festival:philosophie:traeger:programme:billets"/>
    <file name="u2273-r_2x.png" crc="331673454" ref="index:festival:philosophie:traeger:programme:billets"/>
    <file name="u2268.png" crc="3928876109" ref="index:festival:philosophie:traeger:programme:billets"/>
    <file name="u2268-r.png" crc="401025315" ref="index:festival:philosophie:traeger:programme:billets"/>
    <file name="u2268-a.png" crc="3928876109" ref="index:festival:philosophie:traeger:programme:billets"/>
    <file name="u2268_2x.png" crc="4151495785" ref="index:festival:philosophie:traeger:programme:billets"/>
    <file name="u2268-r_2x.png" crc="473219166" ref="index:festival:philosophie:traeger:programme:billets"/>
    <file name="u2268-a_2x.png" crc="4151495785" ref="index:festival:philosophie:traeger:programme:billets"/>
    <file name="u2277.png" crc="260284412" ref="index:festival:philosophie:traeger:programme:billets"/>
    <file name="u2277-r.png" crc="4051280523" ref="index:festival:philosophie:traeger:programme:billets"/>
    <file name="u2277_2x.png" crc="3839831400" ref="index:festival:philosophie:traeger:programme:billets"/>
    <file name="u2277-r_2x.png" crc="4275729300" ref="index:festival:philosophie:traeger:programme:billets"/>
    <file name="u2291.png" crc="4195833056" ref="index:festival:philosophie:traeger:programme:billets"/>
    <file name="u2291-r.png" crc="4084525616" ref="index:festival:philosophie:traeger:programme:billets"/>
    <file name="u2291_2x.png" crc="3978299858" ref="index:festival:philosophie:traeger:programme:billets"/>
    <file name="u2291-r_2x.png" crc="3882962007" ref="index:festival:philosophie:traeger:programme:billets"/>
    <file name="u2300.png" crc="481582560" ref="index:festival:philosophie:traeger:programme:billets"/>
    <file name="u2300-r.png" crc="357935067" ref="index:festival:philosophie:traeger:programme:billets"/>
    <file name="u2300_2x.png" crc="4220402277" ref="index:festival:philosophie:traeger:programme:billets"/>
    <file name="u2300-r_2x.png" crc="4230894138" ref="index:festival:philosophie:traeger:programme:billets"/>
    <file name="u2286.png" crc="100724114" ref="index:festival:philosophie:traeger:programme:billets"/>
    <file name="u2286-r.png" crc="4057731850" ref="index:festival:philosophie:traeger:programme:billets"/>
    <file name="u2286_2x.png" crc="4217536722" ref="index:festival:philosophie:traeger:programme:billets"/>
    <file name="u2286-r_2x.png" crc="3920875471" ref="index:festival:philosophie:traeger:programme:billets"/>
    <file name="u2334.png" crc="4273788787" ref="index:festival:philosophie:traeger:programme:billets"/>
    <file name="u2334-r.png" crc="4030653277" ref="index:festival:philosophie:traeger:programme:billets"/>
    <file name="u2334_2x.png" crc="194364229" ref="index:festival:philosophie:traeger:programme:billets"/>
    <file name="u2334-r_2x.png" crc="4017390606" ref="index:festival:philosophie:traeger:programme:billets"/>
    <file name="u2351.png" crc="182013229" ref="index:festival:philosophie:traeger:programme:billets"/>
    <file name="u2351-r.png" crc="65804238" ref="index:festival:philosophie:traeger:programme:billets"/>
    <file name="u2351_2x.png" crc="393313273" ref="index:festival:philosophie:traeger:programme:billets"/>
    <file name="u2351-r_2x.png" crc="23971672" ref="index:festival:philosophie:traeger:programme:billets"/>
    <file name="u2355.png" crc="462587737" ref="index:festival:philosophie:traeger:programme:billets"/>
    <file name="u2355-r.png" crc="3893452914" ref="index:festival:philosophie:traeger:programme:billets"/>
    <file name="u2355_2x.png" crc="495962231" ref="index:festival:philosophie:traeger:programme:billets"/>
    <file name="u2355-r_2x.png" crc="4043692144" ref="index:festival:philosophie:traeger:programme:billets"/>
    <file name="u2344.png" crc="219617095" ref="index:festival:philosophie:traeger:programme:billets"/>
    <file name="u2344-r.png" crc="4009228318" ref="index:festival:philosophie:traeger:programme:billets"/>
    <file name="u2344_2x.png" crc="4149412033" ref="index:festival:philosophie:traeger:programme:billets"/>
    <file name="u2344-r_2x.png" crc="4175188062" ref="index:festival:philosophie:traeger:programme:billets"/>
    <file name="u2330.png" crc="3833558968" ref="index:festival:philosophie:traeger:programme:billets"/>
    <file name="u2330-r.png" crc="509092087" ref="index:festival:philosophie:traeger:programme:billets"/>
    <file name="u2330_2x.png" crc="4143006029" ref="index:festival:philosophie:traeger:programme:billets"/>
    <file name="u2330-r_2x.png" crc="4273188286" ref="index:festival:philosophie:traeger:programme:billets"/>
    <file name="u2318.png" crc="178584053" ref="index:festival:philosophie:traeger:programme:billets"/>
    <file name="u2318-r.png" crc="204431764" ref="index:festival:philosophie:traeger:programme:billets"/>
    <file name="u2318_2x.png" crc="3906598283" ref="index:festival:philosophie:traeger:programme:billets"/>
    <file name="u2318-r_2x.png" crc="33925517" ref="index:festival:philosophie:traeger:programme:billets"/>
    <file name="u2310.png" crc="4150692039" ref="index:festival:philosophie:traeger:programme:billets"/>
    <file name="u2310-r.png" crc="300355239" ref="index:festival:philosophie:traeger:programme:billets"/>
    <file name="u2310_2x.png" crc="4232401295" ref="index:festival:philosophie:traeger:programme:billets"/>
    <file name="u2310-r_2x.png" crc="4249606806" ref="index:festival:philosophie:traeger:programme:billets"/>
    <file name="u2323.png" crc="37032703" ref="index:festival:philosophie:traeger:programme:billets"/>
    <file name="u2323-r.png" crc="234105030" ref="index:festival:philosophie:traeger:programme:billets"/>
    <file name="u2323_2x.png" crc="287616466" ref="index:festival:philosophie:traeger:programme:billets"/>
    <file name="u2323-r_2x.png" crc="4120801320" ref="index:festival:philosophie:traeger:programme:billets"/>
    <file name="u405.png" crc="3875689858" ref="index:festival:philosophie:traeger:programme:billets"/>
    <file name="u405-r.png" crc="284742831" ref="index:festival:philosophie:traeger:programme:billets"/>
    <file name="u405-a.png" crc="284742831" ref="index:festival:philosophie:traeger:programme:billets"/>
    <file name="u405_2x.png" crc="447949376" ref="index:festival:philosophie:traeger:programme:billets"/>
    <file name="u405-r_2x.png" crc="4142253488" ref="index:festival:philosophie:traeger:programme:billets"/>
    <file name="u405-a_2x.png" crc="4142253488" ref="index:festival:philosophie:traeger:programme:billets"/>
    <file name="u437.png" crc="469397036" ref="index:festival:philosophie:traeger:programme:billets"/>
    <file name="u437-r.png" crc="4192070638" ref="index:festival:philosophie:traeger:programme:billets"/>
    <file name="u437_2x.png" crc="4192760506" ref="index:festival:philosophie:traeger:programme:billets"/>
    <file name="u437-r_2x.png" crc="3911177342" ref="index:festival:philosophie:traeger:programme:billets"/>
    <file name="u410.png" crc="8655570" ref="index:festival:philosophie:traeger:programme:billets"/>
    <file name="u410-r.png" crc="4211622896" ref="index:festival:philosophie:traeger:programme:billets"/>
    <file name="u410-a.png" crc="4211622896" ref="index:festival:philosophie:traeger:programme:billets"/>
    <file name="u410_2x.png" crc="4211641860" ref="index:festival:philosophie:traeger:programme:billets"/>
    <file name="u410-r_2x.png" crc="499625525" ref="index:festival:philosophie:traeger:programme:billets"/>
    <file name="u410-a_2x.png" crc="499625525" ref="index:festival:philosophie:traeger:programme:billets"/>
    <file name="u449.png" crc="4095052044" ref="index:festival:philosophie:traeger:programme:billets"/>
    <file name="u449-r.png" crc="54192844" ref="index:festival:philosophie:traeger:programme:billets"/>
    <file name="u449-a.png" crc="4095052044" ref="index:festival:philosophie:traeger:programme:billets"/>
    <file name="u449_2x.png" crc="216853562" ref="index:festival:philosophie:traeger:programme:billets"/>
    <file name="u449-r_2x.png" crc="4151502860" ref="index:festival:philosophie:traeger:programme:billets"/>
    <file name="u449-a_2x.png" crc="216853562" ref="index:festival:philosophie:traeger:programme:billets"/>
    <file name="u418.png" crc="260284412" ref="index:festival:philosophie:traeger:programme:billets"/>
    <file name="u418-r.png" crc="4233489922" ref="index:festival:philosophie:traeger:programme:billets"/>
    <file name="u418-a.png" crc="4233489922" ref="index:festival:philosophie:traeger:programme:billets"/>
    <file name="u418_2x.png" crc="3839831400" ref="index:festival:philosophie:traeger:programme:billets"/>
    <file name="u418-r_2x.png" crc="360964966" ref="index:festival:philosophie:traeger:programme:billets"/>
    <file name="u418-a_2x.png" crc="360964966" ref="index:festival:philosophie:traeger:programme:billets"/>
    <file name="u459.png" crc="4064639483" ref="index:festival:philosophie:traeger:programme:billets"/>
    <file name="u459-r.png" crc="3843324369" ref="index:festival:philosophie:traeger:programme:billets"/>
    <file name="u459_2x.png" crc="472649031" ref="index:festival:philosophie:traeger:programme:billets"/>
    <file name="u459-r_2x.png" crc="3904016255" ref="index:festival:philosophie:traeger:programme:billets"/>
    <file name="u468.png" crc="3918328056" ref="index:festival:philosophie:traeger:programme:billets"/>
    <file name="u468-r.png" crc="312717161" ref="index:festival:philosophie:traeger:programme:billets"/>
    <file name="u468_2x.png" crc="263465296" ref="index:festival:philosophie:traeger:programme:billets"/>
    <file name="u468-r_2x.png" crc="179565660" ref="index:festival:philosophie:traeger:programme:billets"/>
    <file name="u475.png" crc="62262138" ref="index:festival:philosophie:traeger:programme:billets"/>
    <file name="u475-r.png" crc="4203492902" ref="index:festival:philosophie:traeger:programme:billets"/>
    <file name="u475_2x.png" crc="307662755" ref="index:festival:philosophie:traeger:programme:billets"/>
    <file name="u475-r_2x.png" crc="292116587" ref="index:festival:philosophie:traeger:programme:billets"/>
    <file name="u422.png" crc="4273788787" ref="index:festival:philosophie:traeger:programme:billets"/>
    <file name="u422-r.png" crc="490637651" ref="index:festival:philosophie:traeger:programme:billets"/>
    <file name="u422-a.png" crc="490637651" ref="index:festival:philosophie:traeger:programme:billets"/>
    <file name="u422_2x.png" crc="194364229" ref="index:festival:philosophie:traeger:programme:billets"/>
    <file name="u422-r_2x.png" crc="186902278" ref="index:festival:philosophie:traeger:programme:billets"/>
    <file name="u422-a_2x.png" crc="186902278" ref="index:festival:philosophie:traeger:programme:billets"/>
    <file name="u892.png" crc="4109763077" ref="index:festival:philosophie:traeger:programme:billets"/>
    <file name="u892-r.png" crc="365516299" ref="index:festival:philosophie:traeger:programme:billets"/>
    <file name="u892_2x.png" crc="4160771522" ref="index:festival:philosophie:traeger:programme:billets"/>
    <file name="u892-r_2x.png" crc="1017541" ref="index:festival:philosophie:traeger:programme:billets"/>
    <file name="u865.png" crc="4079320784" ref="index:festival:philosophie:traeger:programme:billets"/>
    <file name="u865-r.png" crc="3941746852" ref="index:festival:philosophie:traeger:programme:billets"/>
    <file name="u865_2x.png" crc="3946266833" ref="index:festival:philosophie:traeger:programme:billets"/>
    <file name="u865-r_2x.png" crc="409108946" ref="index:festival:philosophie:traeger:programme:billets"/>
    <file name="u837.png" crc="230465294" ref="index:festival:philosophie:traeger:programme:billets"/>
    <file name="u837-r.png" crc="4107985393" ref="index:festival:philosophie:traeger:programme:billets"/>
    <file name="u837_2x.png" crc="321221582" ref="index:festival:philosophie:traeger:programme:billets"/>
    <file name="u837-r_2x.png" crc="4257089924" ref="index:festival:philosophie:traeger:programme:billets"/>
    <file name="u431.png" crc="3833558968" ref="index:festival:philosophie:traeger:programme:billets"/>
    <file name="u431-r.png" crc="3830071398" ref="index:festival:philosophie:traeger:programme:billets"/>
    <file name="u431-a.png" crc="3830071398" ref="index:festival:philosophie:traeger:programme:billets"/>
    <file name="u431_2x.png" crc="4143006029" ref="index:festival:philosophie:traeger:programme:billets"/>
    <file name="u431-r_2x.png" crc="4141239109" ref="index:festival:philosophie:traeger:programme:billets"/>
    <file name="u431-a_2x.png" crc="4141239109" ref="index:festival:philosophie:traeger:programme:billets"/>
    <file name="u921.png" crc="4241390" ref="index:festival:philosophie:traeger:programme:billets"/>
    <file name="u921-r.png" crc="4217447612" ref="index:festival:philosophie:traeger:programme:billets"/>
    <file name="u921_2x.png" crc="3985657664" ref="index:festival:philosophie:traeger:programme:billets"/>
    <file name="u921-r_2x.png" crc="3861941483" ref="index:festival:philosophie:traeger:programme:billets"/>
    <file name="u950.png" crc="527035188" ref="index:festival:philosophie:traeger:programme:billets"/>
    <file name="u950-r.png" crc="259795717" ref="index:festival:philosophie:traeger:programme:billets"/>
    <file name="u950_2x.png" crc="284123476" ref="index:festival:philosophie:traeger:programme:billets"/>
    <file name="u950-r_2x.png" crc="4009432166" ref="index:festival:philosophie:traeger:programme:billets"/>
    <file name="u978.png" crc="4049849377" ref="index:festival:philosophie:traeger:programme:billets"/>
    <file name="u978-r.png" crc="503587214" ref="index:festival:philosophie:traeger:programme:billets"/>
    <file name="u978_2x.png" crc="3921063752" ref="index:festival:philosophie:traeger:programme:billets"/>
    <file name="u978-r_2x.png" crc="4180464057" ref="index:festival:philosophie:traeger:programme:billets"/>
    <file name="u2060-4.png" crc="124972022" ref="index"/>
    <file name="u2060-4_2x.png" crc="4071647102" ref="index"/>
    <file name="u1755-4.png" crc="157803895" ref="festival"/>
    <file name="u1755-4_2x.png" crc="317516910" ref="festival"/>
    <file name="u1756-4.png" crc="409459735" ref="festival"/>
    <file name="u1756-4_2x.png" crc="4285734432" ref="festival"/>
    <file name="u1567-4.png" crc="463284565" ref="festival"/>
    <file name="u1567-4_2x.png" crc="523516365" ref="festival"/>
    <file name="u1568-4.png" crc="4015492277" ref="festival"/>
    <file name="u1568-4_2x.png" crc="174197573" ref="festival"/>
    <file name="u2240-4.png" crc="3940425542" ref="philosophie"/>
    <file name="u2240-4_2x.png" crc="3842086123" ref="philosophie"/>
    <file name="u2241.png" crc="4177280737" ref="philosophie"/>
    <file name="u2241-r.png" crc="4177280737" ref="philosophie"/>
    <file name="u2241_2x.png" crc="3999890135" ref="philosophie"/>
    <file name="u2241-r_2x.png" crc="3999890135" ref="philosophie"/>
    <file name="u2221-4.png" crc="3918960323" ref="traeger"/>
    <file name="u2221-4_2x.png" crc="4062544125" ref="traeger"/>
    <file name="u2222-4.png" crc="4156715505" ref="traeger"/>
    <file name="u2222-4_2x.png" crc="316984370" ref="traeger"/>
    <file name="u2227-4.png" crc="306084738" ref="traeger"/>
    <file name="u2227-4_2x.png" crc="4228491579" ref="traeger"/>
    <file name="u2228-4.png" crc="425670377" ref="traeger"/>
    <file name="u2228-4_2x.png" crc="278658500" ref="traeger"/>
    <file name="bg2.jpg" crc="512021540" ref="programme"/>
    <file name="u397-4.png" crc="3858501928" ref="programme"/>
    <file name="u397-4_2x.png" crc="3860975513" ref="programme"/>
    <file name="background_hd-short_web.jpg" crc="497730643" ref="programme"/>
    <file name="u999-4.png" crc="3856046338" ref="programme"/>
    <file name="u999-4_2x.png" crc="194567926" ref="programme"/>
    <file name="u1000.png" crc="4166988691" ref="programme"/>
    <file name="u1000-r.png" crc="4166988691" ref="programme"/>
    <file name="u1000_2x.png" crc="3985045196" ref="programme"/>
    <file name="u1000-r_2x.png" crc="3985045196" ref="programme"/>
    <file name="u1001-4.png" crc="400352691" ref="programme"/>
    <file name="u1001-4_2x.png" crc="4010717986" ref="programme"/>
    <file name="u1002.png" crc="4197262172" ref="programme"/>
    <file name="u1002-r.png" crc="4197262172" ref="programme"/>
    <file name="u1002_2x.png" crc="361632577" ref="programme"/>
    <file name="u1002-r_2x.png" crc="361632577" ref="programme"/>
    <file name="u1003-4.png" crc="91983521" ref="programme"/>
    <file name="u1003-4_2x.png" crc="3888478261" ref="programme"/>
    <file name="u1004.png" crc="345130185" ref="programme"/>
    <file name="u1004-r.png" crc="345130185" ref="programme"/>
    <file name="u1004_2x.png" crc="365162338" ref="programme"/>
    <file name="u1004-r_2x.png" crc="365162338" ref="programme"/>
    <file name="u2520-4.png" crc="4284544284" ref="haftungsbeschluss"/>
    <file name="u2520-4_2x.png" crc="3799309352" ref="haftungsbeschluss"/>
    <file name="u2521-4.png" crc="3856222215" ref="haftungsbeschluss"/>
    <file name="u2521-4_2x.png" crc="77295124" ref="haftungsbeschluss"/>
    <file name="u2061-5.png" crc="258287077" ref="index"/>
    <file name="u2061-5_2x.png" crc="414618043" ref="index"/>
    <file name="u396-5.png" crc="195974423" ref="programme"/>
    <file name="u396-5_2x.png" crc="3875365298" ref="programme"/>
    <file name="anna_2-anna-rossinelly-by-tom-haller.jpg" crc="40349679" ref="programme"/>
    <file name="anna_2-anna-rossinelly-by-tom-haller_2x.jpg" crc="4216978824" ref="programme"/>
    <file name="bg2_fb.jpg" crc="4052738466" ref="programme"/>
    <file name="u3392-4.png" crc="4139610720" ref="index"/>
    <file name="u3392-4_2x.png" crc="4009713299" ref="index"/>
    <file name="u3394-4.png" crc="230261520" ref="index"/>
    <file name="u3394-4_2x.png" crc="448518069" ref="index"/>
    <file name="u3118-4.png" crc="4211912813" ref="traeger"/>
    <file name="u3118-4_2x.png" crc="3987369874" ref="traeger"/>
    <file name="u3119-4.png" crc="3893572987" ref="traeger"/>
    <file name="u3119-4_2x.png" crc="39316016" ref="traeger"/>
    <file name="biel.jpg" crc="368713023" ref="traeger"/>
    <file name="biel_2x.jpg" crc="4190698040" ref="traeger"/>
    <file name="swissfondsbern.jpg" crc="4039862528" ref="traeger"/>
    <file name="swissfondsbern_2x.jpg" crc="4114629329" ref="traeger"/>
    <file name="swissfondsbs2f0.jpg" crc="481739437" ref="traeger"/>
    <file name="swissfondsbs2f0_2x.jpg" crc="86918927" ref="traeger"/>
    <file name="artlink.jpg" crc="4189606760" ref="traeger"/>
    <file name="artlink_2x.jpg" crc="3834716548" ref="traeger"/>
    <file name="merian_logo.jpg" crc="468985151" ref="traeger"/>
    <file name="merian_logo_2x.jpg" crc="3783468558" ref="traeger"/>
    <file name="zasblogo.jpg" crc="409463105" ref="traeger"/>
    <file name="zasblogo_2x.jpg" crc="125762537" ref="traeger"/>
    <file name="infiltrators-crop-u2897.jpg" crc="3998258141" ref="programme"/>
    <file name="fidai_003_still1-crop-u2903.jpg" crc="4284251381" ref="programme"/>
    <file name="fidai_003_still1-crop-u2903_2x.jpg" crc="347256432" ref="programme"/>
    <file name="return to homs-crop-u2901.jpg" crc="531437095" ref="programme"/>
    <file name="waves-crop-u2905.jpg" crc="130159110" ref="programme"/>
    <file name="controlling_punishment_1-crop-u2899.jpg" crc="143650671" ref="programme"/>
    <file name="background2.jpg" crc="238408286" ref="programme"/>
    <file name="background2_2x.jpg" crc="335542733" ref="programme"/>
    <file name="background22.jpg" crc="335542733" ref="programme"/>
    <file name="said.gif" crc="3933114979" ref="programme"/>
    <file name="said_2x.gif" crc="3933114979" ref="programme"/>
    <file name="u3068.png" crc="73231131" ref="programme"/>
    <file name="u3068-r.png" crc="73231131" ref="programme"/>
    <file name="u3068_2x.png" crc="138052012" ref="programme"/>
    <file name="u3068-r_2x.png" crc="138052012" ref="programme"/>
    <file name="mohamed-said-ouma.jpg" crc="35958480" ref="programme"/>
    <file name="mohamed-said-ouma_2x.jpg" crc="4282123824" ref="programme"/>
    <file name="u3074-19.png" crc="4263319464" ref="programme"/>
    <file name="u3074-19_2x.png" crc="3958623240" ref="programme"/>
    <file name="u3064-10.png" crc="3895906249" ref="programme"/>
    <file name="u3064-10_2x.png" crc="3802687996" ref="programme"/>
    <file name="u3170-4.png" crc="503880042" ref="billets"/>
    <file name="u3170-4_2x.png" crc="4231753044" ref="billets"/>
    <file name="u3171-4.png" crc="113654996" ref="billets"/>
    <file name="u3171-4_2x.png" crc="244355669" ref="billets"/>
    <file name="u3173-4.png" crc="404501254" ref="billets"/>
    <file name="u3173-4_2x.png" crc="306537373" ref="billets"/>
    <file name="u3174-4.png" crc="395632040" ref="billets"/>
    <file name="u3174-4_2x.png" crc="418141790" ref="billets"/>
    <file name="cinevital.png" crc="4104665552" ref="billets"/>
    <file name="kultkino2.png" crc="4261760663" ref="billets"/>
    <file name="kultkino2_2x.png" crc="3858613001" ref="billets"/>
    <file name="u3177-5.png" crc="4129885181" ref="billets"/>
    <file name="u3177-5_2x.png" crc="186697006" ref="billets"/>
    <file name="u3176-4.png" crc="4116465828" ref="billets"/>
    <file name="u3176-4_2x.png" crc="4034847240" ref="billets"/>
    <file name="aube_arab.png" crc="341745326" ref="index"/>
    <file name="aube_arab_2x.png" crc="49870280" ref="index"/>
    <file name="u2057-31.png" crc="186258608" ref="index"/>
    <file name="u2057-31_2x.png" crc="4072224060" ref="index"/>
    <file name="u3385-32.png" crc="44909281" ref="index"/>
    <file name="u3385-32_2x.png" crc="3972625428" ref="index"/>
    <file name="silvered-water-syria-title.jpg" crc="3937558877" ref="programme"/>
    <file name="u3616-4.png" crc="319280831" ref="programme"/>
    <file name="u3616-4_2x.png" crc="3863747483" ref="programme"/>
    <file name="u3617.png" crc="3857848093" ref="programme"/>
    <file name="u3617-r.png" crc="3857848093" ref="programme"/>
    <file name="u3617-m.png" crc="3857848093" ref="programme"/>
    <file name="u3617_2x.png" crc="227134486" ref="programme"/>
    <file name="u3617-r_2x.png" crc="227134486" ref="programme"/>
    <file name="u3617-m_2x.png" crc="227134486" ref="programme"/>
    <file name="bg2_balken_blur_vl.jpg" crc="453187622" ref="programme"/>
    <file name="bg2_balken_blur_vl_2x.jpg" crc="4122280944" ref="programme"/>
    <file name="sheheraz_912_01_big171x129.jpg" crc="231464890" ref="programme"/>
    <file name="sheheraz_912_01_big171x129_2x.jpg" crc="4076113091" ref="programme"/>
    <file name="danse_du_vent.jpg" crc="492054698" ref="programme"/>
    <file name="danse_du_vent_2x.jpg" crc="4037095128" ref="programme"/>
    <file name="fidai_003_still1.jpg" crc="4174356823" ref="programme"/>
    <file name="fidai_003_still1_2x.jpg" crc="389771766" ref="programme"/>
    <file name="waves.jpg" crc="515970150" ref="programme"/>
    <file name="waves_2x.jpg" crc="270614545" ref="programme"/>
    <file name="infiltrators168x126.jpg" crc="4114669993" ref="programme"/>
    <file name="infiltrators168x126_2x.jpg" crc="4003509930" ref="programme"/>
    <file name="nachrevolution.jpg" crc="3844304636" ref="programme"/>
    <file name="nachrevolution_2x.jpg" crc="3763586617" ref="programme"/>
    <file name="when_i_saw_you.jpg" crc="272525891" ref="programme"/>
    <file name="when_i_saw_you_2x.jpg" crc="252828434" ref="programme"/>
    <file name="sheheraz_912_01_big.jpg" crc="271928873" ref="programme"/>
    <file name="sheheraz_912_01_big_2x.jpg" crc="187915485" ref="programme"/>
    <file name="return to homs.jpg" crc="304629152" ref="programme"/>
    <file name="return to homs_2x.jpg" crc="94286123" ref="programme"/>
    <file name="waves169x126.jpg" crc="250036947" ref="programme"/>
    <file name="waves169x126_2x.jpg" crc="122461919" ref="programme"/>
    <file name="oranais_ph1_bis-2.jpg" crc="3789923625" ref="programme"/>
    <file name="oranais_ph1_bis-2_2x.jpg" crc="3769553870" ref="programme"/>
    <file name="danse_du_vent166x125.jpg" crc="4247994362" ref="programme"/>
    <file name="danse_du_vent166x125_2x.jpg" crc="79567811" ref="programme"/>
    <file name="yema_baby.jpg" crc="172179857" ref="programme"/>
    <file name="yema_baby_2x.jpg" crc="3830773219" ref="programme"/>
    <file name="infiltrators.jpg" crc="4245271149" ref="programme"/>
    <file name="infiltrators_2x.jpg" crc="4003509930" ref="programme"/>
    <file name="fidai_003_still1167x126.jpg" crc="179241930" ref="programme"/>
    <file name="fidai_003_still1167x126_2x.jpg" crc="3870027602" ref="programme"/>
    <file name="omar005.jpg" crc="341203540" ref="programme"/>
    <file name="omar005_2x.jpg" crc="264415562" ref="programme"/>
    <file name="le repenti.jpg" crc="4051054226" ref="programme"/>
    <file name="le repenti_2x.jpg" crc="4279166149" ref="programme"/>
    <file name="silvered-water-syria-self-portrait-e1417681996149.jpg" crc="266243266" ref="programme"/>
    <file name="silvered-water-syria-self-portrait-e1417681996149_2x.jpg" crc="4217806335" ref="programme"/>
    <file name="img_3133.jpg" crc="3782508841" ref="programme"/>
    <file name="img_3133_2x.jpg" crc="181321502" ref="programme"/>
    <file name="biel2.jpg" crc="4093066672" ref="programme"/>
  </folder>
  <file name="index.html" crc="429085300" mt="1425318046851" redirect="true"/>
  <file name="festival.html" crc="439605072" mt="1425318046851" redirect="true"/>
  <file name="philosophie.html" crc="4279880893" mt="1425318046851" redirect="true"/>
  <file name="traeger.html" crc="47141431" mt="1425318046851" redirect="true"/>
  <file name="programme.html" crc="4002481372" mt="1425318085375" redirect="true"/>
  <file name="billets.html" crc="1411595" mt="1425318046851" redirect="true"/>
  <file name="haftungsbeschluss.html" crc="258430433" mt="1422999045206" redirect="true"/>
</manifest>